{"stats":{"minecraft:custom":{"minecraft:jump":286,"minecraft:time_since_rest":7397,"minecraft:walk_one_cm":3715,"minecraft:damage_dealt":60,"minecraft:crouch_one_cm":378,"minecraft:leave_game":2,"minecraft:sprint_one_cm":24486,"minecraft:play_time":7397,"minecraft:time_since_death":7397,"minecraft:walk_on_water_one_cm":402,"minecraft:damage_absorbed":112,"minecraft:sneak_time":117,"minecraft:total_world_time":7397,"minecraft:climb_one_cm":472,"minecraft:damage_resisted":28,"minecraft:walk_under_water_one_cm":157,"minecraft:swim_one_cm":2075,"minecraft:fly_one_cm":127483,"minecraft:fall_one_cm":7257},"minecraft:used":{"minecraft:enchanted_golden_apple":2},"minecraft:mined":{"minecraft:fern":1}},"DataVersion":3465}