{"stats":{"minecraft:killed":{"minecraft:ghast":1},"minecraft:custom":{"minecraft:open_chest":2,"minecraft:time_since_rest":35671,"minecraft:crouch_one_cm":1574,"minecraft:play_time":35671,"minecraft:sprint_one_cm":43925,"minecraft:damage_absorbed":112,"minecraft:walk_one_cm":6783,"minecraft:sneak_time":604,"minecraft:walk_under_water_one_cm":157,"minecraft:mob_kills":1,"minecraft:jump":413,"minecraft:damage_dealt":190,"minecraft:leave_game":3,"minecraft:walk_on_water_one_cm":402,"minecraft:time_since_death":35671,"minecraft:climb_one_cm":805,"minecraft:total_world_time":35671,"minecraft:damage_resisted":28,"minecraft:swim_one_cm":2075,"minecraft:fall_one_cm":7257,"minecraft:fly_one_cm":265205},"minecraft:used":{"minecraft:flint_and_steel":1,"minecraft:enchanted_golden_apple":2,"minecraft:obsidian":14},"minecraft:mined":{"minecraft:fern":1}},"DataVersion":3465}