{"stats":{"minecraft:custom":{"minecraft:jump":395,"minecraft:time_since_rest":19397,"minecraft:walk_one_cm":5400,"minecraft:damage_dealt":80,"minecraft:crouch_one_cm":413,"minecraft:leave_game":2,"minecraft:sprint_one_cm":36694,"minecraft:play_time":19397,"minecraft:time_since_death":19397,"minecraft:walk_on_water_one_cm":402,"minecraft:damage_absorbed":112,"minecraft:sneak_time":243,"minecraft:total_world_time":19397,"minecraft:climb_one_cm":472,"minecraft:damage_resisted":28,"minecraft:walk_under_water_one_cm":157,"minecraft:swim_one_cm":2075,"minecraft:fly_one_cm":216377,"minecraft:fall_one_cm":7257},"minecraft:used":{"minecraft:flint_and_steel":1,"minecraft:enchanted_golden_apple":2,"minecraft:obsidian":14},"minecraft:mined":{"minecraft:fern":1}},"DataVersion":3465}